symbol,name,sector,pe_ratio,pb_ratio,ps_ratio,market_cap,roe,debt_to_equity,return_3m,return_6m,return_1y,pe_score,pb_score,ps_score,pe_sector_score,pb_sector_score,ps_sector_score,value_score,value_rank,return_3m_score,return_6m_score,return_1y_score,momentum_raw_score,volatility_pct,volatility_penalty,momentum_score,momentum_rank,sector_return_3m,sector_return_1y,sector_strength_score,sector_size,intra_sector_score,sector_score,sector_rank,sector_label,composite_score,composite_rank,score_confidence
HDFCBANK.NS,HDFCBANK.NS,Financial Services,17.36678,2.1209447,4.2327814,1199212.02,13.82,,-14.91,-20.89,-16.71,76.04166666666666,78.49462365591397,46.666666666666664,47.82608695652174,52.17391304347826,36.8421052631579,60.21,29,14.14141414141414,10.1010101010101,17.894736842105264,14.42,30.993497455530505,7.8,6.62,89,-8.27,6.295,50.0,23,8.7,29.35,91,Financial Services,29.92,82,1.0
RELIANCE.NS,RELIANCE.NS,Energy,22.70338,2.0304046,1.7360729,1835409.19,9.14,36.653,-5.16,-10.0,-3.66,64.58333333333333,79.56989247311827,83.33333333333334,0.0,16.666666666666664,0.0,46.26,46,46.96969696969697,29.292929292929294,32.631578947368425,34.33,26.381740206351502,3.6,30.73,61,-2.175,6.555,54.55,6,66.67,60.61,40,Energy,42.14,57,1.0
ICICIBANK.NS,ICICIBANK.NS,Financial Services,17.100266,2.5229495,4.2171745,917028.58,16.36,,-8.27,-6.6,-9.49,77.08333333333334,70.96774193548387,48.88888888888889,52.17391304347826,39.13043478260869,42.10526315789473,59.22,30,32.323232323232325,39.39393939393939,25.263157894736842,31.62,25.72906927961096,2.8,28.82,65,-8.27,6.295,50.0,23,47.83,48.92,62,Financial Services,43.48,50,1.0
BHARTIARTL.NS,BHARTIARTL.NS,Telecommunication,41.56876,7.2435975,5.332602,1125033.97,19.36,99.718,-7.27,-13.2,4.51,34.375,34.40860215053764,40.0,0.0,0.0,0.0,21.47,79,41.41414141414141,22.22222222222222,47.368421052631575,37.38,25.37224859451524,2.4,34.98,56,-7.27,4.51,36.36,1,50.0,43.18,72,Telecommunication,31.89,77,1.0
LT.NS,LT.NS,Industrials,34.519962,5.082382,1.9047769,555467.3,16.95,97.64,-5.85,1.32,15.22,45.833333333333336,41.93548387096774,80.0,75.0,80.0,80.0,63.02,23,43.43434343434344,57.57575757575758,61.05263157894737,56.31,39.66648803212265,16.6,39.71,49,15.04,18.42,81.82,5,20.0,50.91,60,Industrials,50.11,35,1.0
INFY.NS,INFY.NS,Information Technology,15.256075,5.0213995,,472650.98,31.44,9.827,-14.94,-24.18,-22.91,81.25,44.08602150537635,,83.33333333333334,16.666666666666664,,62.5,25,13.131313131313133,5.05050505050505,7.368421052631578,7.71,30.401266766536946,6.6,1.11,93,-13.19,-22.91,9.09,6,40.0,24.54,97,Information Technology,27.28,84,1.0
SBIN.NS,SBIN.NS,Financial Services,10.626509,1.51007,2.3925622,893985.28,15.48,,-19.02,0.44,25.64,88.54166666666666,86.02150537634408,64.44444444444444,69.56521739130434,65.21739130434783,57.89473684210527,75.19,13,5.05050505050505,55.55555555555556,78.94736842105263,55.98,31.223077513004466,8.2,47.78,42,-8.27,6.295,50.0,23,82.61,66.31,29,Financial Services,61.08,19,1.0
AXISBANK.NS,AXISBANK.NS,Financial Services,15.387258,1.8772812,5.421788,404030.99,13.15,,-4.78,3.21,9.74,80.20833333333334,80.64516129032258,37.77777777777778,56.52173913043479,56.52173913043479,26.315789473684216,61.43,27,49.494949494949495,61.61616161616161,56.84210526315789,57.04,31.033484005561412,8.0,49.04,41,-8.27,6.295,50.0,23,86.96,68.48,26,Financial Services,57.26,28,1.0
ITC.NS,ITC.NS,FMCG,18.281818,5.2129054,4.7921777,377951.41,29.34,3.292,-8.57,-23.1,-27.33,73.95833333333333,40.86021505376344,43.333333333333336,87.5,83.33333333333334,87.5,68.32,20,31.313131313131315,6.0606060606060606,3.1578947368421053,9.8,19.26814225402533,0.2,9.6,86,-7.02,-2.5050000000000003,31.82,8,12.5,22.16,98,FMCG,32.66,76,1.0
KOTAKBANK.NS,KOTAKBANK.NS,Financial Services,20.023184,2.1339972,5.2208533,386569.37,11.39,,-7.86,-6.73,-5.91,67.70833333333333,77.41935483870968,42.22222222222223,34.78260869565217,47.82608695652174,31.57894736842105,53.71,39,34.84848484848485,38.38383838383838,30.526315789473685,34.14,26.577401316941458,3.8,30.34,63,-8.27,6.295,50.0,23,52.17,51.08,59,Financial Services,42.67,54,1.0
M&M.NS,M&M.NS,Automobile,20.410536,3.729724,1.8463224,373112.86,18.75,125.066,-11.09,-15.67,3.29,66.66666666666667,58.06451612903225,81.11111111111111,88.88888888888889,77.77777777777779,60.0,71.95,15,23.232323232323232,17.17171717171717,44.21052631578947,30.55,38.44228068991378,15.4,15.15,80,-8.91,21.1,59.09,10,20.0,39.54,77,Automobile,39.91,64,1.0
BAJFINANCE.NS,BAJFINANCE.NS,Financial Services,30.478374,5.0727487,13.194762,578386.87,17.91,313.407,-8.0,-6.33,4.24,50.0,43.01075268817204,1.1111111111111072,17.391304347826086,13.043478260869568,0.0,26.1,75,33.33333333333333,40.4040404040404,45.26315789473684,41.18,36.33530411386325,13.6,27.58,67,-8.27,6.295,50.0,23,43.48,46.74,66,Financial Services,30.89,79,1.0
TCS.NS,TCS.NS,Information Technology,16.74292,7.2553525,3.0842106,823549.02,48.4,10.389,-13.19,-24.32,-30.81,78.125,33.333333333333336,58.88888888888889,50.0,0.0,0.0,44.93,48,16.161616161616163,4.040404040404041,2.1052631578947367,5.59,25.447821498731244,2.6,2.99,92,-13.19,-22.91,9.09,6,60.0,34.54,85,Information Technology,23.98,87,1.0
SUNPHARMA.NS,SUNPHARMA.NS,Healthcare,38.46218,5.673392,7.55481,441669.6,14.72,5.517,6.74,3.84,8.83,37.5,39.784946236559136,24.444444444444446,50.0,50.0,28.57142857142857,38.81,55,75.75757575757575,62.62626262626263,54.736842105263165,61.7,25.87510264894667,3.0,58.7,26,7.665,9.14,68.18,8,62.5,65.34,31,Healthcare,53.07,34,1.0
HINDUNILVR.NS,HINDUNILVR.NS,FMCG,48.82652,10.654437,8.052346,519118.68,21.6,3.016,-5.47,-10.04,-4.44,29.166666666666664,17.204301075268813,21.111111111111114,75.0,16.666666666666664,12.5,30.89,66,44.44444444444444,28.28282828282828,31.57894736842105,33.0,24.460709113638387,2.0,31.0,60,-7.02,-2.5050000000000003,31.82,8,62.5,47.16,65,FMCG,34.19,74,1.0
NTPC.NS,NTPC.NS,Utilities,12.810651,1.8606406,2.016596,377879.11,13.69,118.127,5.88,20.33,16.85,85.41666666666666,82.79569892473117,77.77777777777779,80.0,83.33333333333334,80.0,82.03,8,73.73737373737373,84.84848484848484,65.26315789473685,73.81,21.367149976352273,1.0,72.81,16,22.625,30.13,100.0,6,50.0,75.0,13,Utilities,76.48,3,1.0
ETERNAL.NS,ETERNAL.NS,Consumer Services,,7.3951344,4.2308073,230003.6,1.19,14.826,-12.02,-19.99,0.78,,31.182795698924725,47.77777777777777,,0.0,0.0,23.24,78,21.21212121212121,13.131313131313133,38.94736842105263,26.36,38.17938007487599,15.0,11.36,84,-12.02,0.78,18.18,1,50.0,34.09,87,Consumer Services,20.06,98,1.0
TATASTEEL.NS,TATASTEEL.NS,Metals & Mining,28.596468,2.7613125,1.1307619,262494.98,11.16,89.016,0.57,21.37,35.56,53.125,67.74193548387098,92.22222222222223,16.666666666666664,50.0,66.66666666666667,56.04,35,60.60606060606061,86.86868686868688,88.42105263157895,82.31,32.26961692514992,9.2,73.11,15,1.8099999999999998,31.615000000000002,86.36,6,66.67,76.52,12,Metals & Mining,67.82,10,1.0
MARUTI.NS,MARUTI.NS,Automobile,28.250593,3.8752832,2.2652845,415262.91,14.43,0.096,-13.15,-16.48,5.34,54.16666666666667,55.91397849462365,70.0,55.55555555555556,66.66666666666667,40.0,57.19,32,17.17171717171717,15.151515151515152,49.473684210526315,31.0,30.806617182142283,7.4,23.6,71,-8.91,21.1,59.09,10,30.0,44.54,69,Automobile,39.54,66,1.0
TITAN.NS,TITAN.NS,Consumer Discretionary,71.53136,,4.1584296,364211.89,37.13,195.001,-2.1,5.75,16.51,11.458333333333337,,50.0,0.0,,0.0,15.13,89,55.55555555555556,64.64646464646465,62.10526315789474,61.68,32.46392915559792,9.6,52.08,38,-2.1,16.51,72.73,1,50.0,61.36,38,Consumer Discretionary,41.0,60,1.0
HINDALCO.NS,HINDALCO.NS,Metals & Mining,18.35079,1.8169398,0.89773405,246826.59,10.29,72.598,22.28,39.02,67.13,72.91666666666667,83.87096774193549,93.33333333333333,66.66666666666667,83.33333333333334,83.33333333333334,79.12,11,93.93939393939394,98.98989898989899,97.89473684210527,97.49,32.279574046656585,9.4,88.09,1,1.8099999999999998,31.615000000000002,86.36,6,100.0,93.18,2,Metals & Mining,85.97,1,1.0
BEL.NS,BEL.NS,Defence,50.553547,12.801291,11.122151,307083.82,27.56,0.273,-5.37,0.11,16.72,28.125,8.602150537634412,6.666666666666665,0.0,0.0,0.0,10.14,94,45.45454545454545,52.52525252525253,64.21052631578948,56.37,28.22665930511447,5.0,51.37,39,3.42,-7.7,40.91,3,100.0,70.46,22,Defence,40.76,61,1.0
ULTRACEMCO.NS,ULTRACEMCO.NS,Materials,41.82289,4.746234,3.8629246,341913.37,10.59,29.432,-10.16,0.51,0.88,33.333333333333336,46.23655913978495,55.55555555555556,50.0,25.0,25.0,40.16,54,28.28282828282828,56.56565656565656,41.05263157894737,43.93,35.16622876912442,12.0,31.93,58,-7.484999999999999,-9.155000000000001,27.27,4,75.0,51.14,58,Materials,38.65,69,1.0
POWERGRID.NS,POWERGRID.NS,Utilities,14.547488,2.7065156,5.8222227,272089.17,16.49,150.993,-1.73,8.55,2.38,82.29166666666666,69.89247311827957,35.55555555555555,60.0,66.66666666666667,40.0,62.93,24,57.57575757575758,69.6969696969697,42.10526315789473,54.86,19.365481627442463,0.4,54.46,35,22.625,30.13,100.0,6,16.67,58.34,46,Utilities,58.2,26,1.0
SHRIRAMFIN.NS,SHRIRAMFIN.NS,Financial Services,17.86733,2.7170362,10.818161,224024.75,16.38,274.993,-10.62,17.59,47.67,75.0,68.81720430107528,7.777777777777772,43.47826086956522,34.78260869565217,5.263157894736848,46.33,45,25.252525252525253,81.81818181818183,93.6842105263158,75.84,48.68377325284822,19.6,56.24,31,-8.27,6.295,50.0,23,95.65,72.82,16,Financial Services,56.09,30,1.0
ADANIPORTS.NS,ADANIPORTS.NS,Infrastructure,31.10424,4.340792,10.772809,417293.06,15.59,64.051,16.26,21.47,30.84,48.958333333333336,50.53763440860215,11.111111111111116,50.0,0.0,50.0,37.98,56,90.9090909090909,87.87878787878788,86.31578947368422,87.78,35.682848981976626,12.6,75.18,11,21.76,30.84,95.45,2,50.0,72.72,17,Infrastructure,61.67,16,1.0
HCLTECH.NS,HCLTECH.NS,Information Technology,18.948141,4.1994953,,314369.77,23.36,6.935,-19.03,-28.03,-25.8,70.83333333333333,52.68817204301075,,33.333333333333336,66.66666666666667,,56.81,34,4.040404040404041,2.0202020202020203,4.2105263157894735,3.41,34.512586075816145,11.0,0.0,97,-13.19,-22.91,9.09,6,20.0,14.54,99,Information Technology,22.79,92,1.0
JSWSTEEL.NS,JSWSTEEL.NS,Metals & Mining,14.170226,3.1556606,1.7022717,315720.34,27.26,94.155,3.05,10.69,27.67,84.375,65.59139784946237,84.44444444444444,83.33333333333334,33.333333333333336,50.0,71.25,17,66.66666666666666,71.71717171717171,84.21052631578947,76.33,29.999010210951877,6.0,70.33,19,1.8099999999999998,31.615000000000002,86.36,6,50.0,68.18,27,Metals & Mining,70.22,9,1.0
GRASIM.NS,GRASIM.NS,Materials,43.202293,2.1550066,1.2235124,214641.69,6.29,134.138,8.11,15.55,16.99,32.291666666666664,76.34408602150538,90.0,25.0,50.0,75.0,53.96,37,77.77777777777779,77.77777777777779,66.3157894736842,72.62,30.30962154464547,6.4,66.22,21,-7.484999999999999,-9.155000000000001,27.27,4,100.0,63.64,35,Materials,61.41,18,1.0
ASIANPAINT.NS,ASIANPAINT.NS,Consumer Goods,65.960625,12.9539,7.3234224,253753.14,,17.609,9.28,-8.15,17.03,17.708333333333336,6.451612903225811,28.888888888888886,0.0,0.0,0.0,10.28,93,82.82828282828282,34.34343434343434,67.36842105263158,58.9,30.03956045386918,6.2,52.7,36,9.28,17.03,63.64,1,50.0,56.82,48,Consumer Goods,38.68,68,1.0
BAJAJ-AUTO.NS,BAJAJ-AUTO.NS,Automobile,27.588093,7.6196575,4.5451713,295832.57,28.05,56.289,5.12,18.08,25.59,56.25,29.032258064516125,45.55555555555556,77.77777777777779,33.333333333333336,19.999999999999996,47.25,44,72.72727272727273,82.82828282828282,77.89473684210526,78.59,30.664476299527472,6.8,71.79,18,-8.91,21.1,59.09,10,100.0,79.54,9,Automobile,64.75,12,1.0
ONGC.NS,ONGC.NS,Energy,9.51042,0.98260707,0.5513495,361683.04,,43.805,7.69,17.13,20.51,89.58333333333334,94.6236559139785,95.55555555555556,33.333333333333336,66.66666666666667,50.0,74.55,14,76.76767676767676,80.8080808080808,73.68421052631578,76.79,26.01445593582446,3.2,73.59,13,-2.175,6.555,54.55,6,83.33,68.94,25,Energy,73.0,5,1.0
COALINDIA.NS,COALINDIA.NS,Energy,9.077669,2.3703952,1.6766324,282345.39,28.12,11.629,9.57,22.43,20.12,90.625,74.19354838709677,86.66666666666667,50.0,0.0,16.666666666666664,61.49,26,83.83838383838383,90.9090909090909,72.63157894736842,81.27,26.36234329066365,3.4,77.87,7,-2.175,6.555,54.55,6,100.0,77.28,11,Energy,72.02,6,1.0
BAJAJFINSV.NS,BAJAJFINSV.NS,Financial Services,29.476181,3.6900496,1.9288042,287843.39,14.6,256.36,-12.29,-11.84,-9.82,52.08333333333333,59.13978494623655,78.88888888888889,21.739130434782606,26.086956521739136,84.21052631578947,52.01,41,20.2020202020202,23.232323232323232,24.210526315789473,23.07,29.111119365406196,5.6,17.47,79,-8.27,6.295,50.0,23,21.74,35.87,82,Financial Services,33.24,75,1.0
NESTLEIND.NS,NESTLEIND.NS,FMCG,78.97181,,11.897376,275478.98,76.34,8.613,8.66,11.12,21.03,6.25,,3.3333333333333326,0.0,,0.0,3.12,97,79.7979797979798,72.72727272727273,74.73684210526315,75.05,23.866451094805253,1.6,73.45,14,-7.02,-2.5050000000000003,31.82,8,100.0,65.91,30,FMCG,47.33,43,1.0
INDIGO.NS,INDIGO.NS,Aviation,54.09634,18.482555,2.0460343,173248.78,,866.462,-9.55,-21.56,-19.1,23.958333333333336,1.0752688172043001,76.66666666666666,0.0,0.0,0.0,18.16,83,30.303030303030305,9.090909090909092,12.631578947368421,14.93,45.98182102830673,18.6,0.0,97,-9.55,-19.1,13.64,1,50.0,31.82,89,Aviation,12.72,100,1.0
EICHERMOT.NS,EICHERMOT.NS,Automobile,36.71113,9.159821,8.649743,202469.38,23.77,2.048,-7.43,7.5,39.4,43.75,24.731182795698924,19.999999999999996,44.44444444444444,11.111111111111116,0.0,28.6,69,39.39393939393939,67.67676767676768,89.47368421052632,71.83,38.664458932447516,15.8,56.03,32,-8.91,21.1,59.09,10,80.0,69.54,24,Automobile,49.13,38,1.0
TRENT.NS,TRENT.NS,Retail,88.03156,,7.5077662,150712.47,27.13,36.034,2.69,-1.35,-21.03,5.2083333333333375,,27.77777777777778,50.0,,0.0,20.82,80,65.65656565656566,49.494949494949495,9.473684210526317,34.72,38.99629815494894,16.0,18.72,77,3.67,-10.200000000000001,45.45,2,50.0,47.72,63,Retail,25.26,86,1.0
ADANIPOWER.NS,ADANIPOWER.NS,Utilities,36.88235,7.272484,8.694029,471568.64,20.91,82.332,61.52,53.93,109.8,42.708333333333336,32.25806451612904,18.88888888888889,19.999999999999996,16.666666666666664,0.0,25.77,77,100.0,100.0,100.0,100.0,38.59063499281145,15.6,84.4,4,22.625,30.13,100.0,6,100.0,100.0,1,Utilities,67.0,11,1.0
TECHM.NS,TECHM.NS,Information Technology,26.953068,4.6996927,2.274027,129199.75,16.61,7.269,-4.61,0.11,-6.28,58.33333333333333,48.38709677419355,68.88888888888889,0.0,50.0,75.0,48.29,43,50.505050505050505,52.52525252525253,29.47368421052631,41.75,32.643892495934615,9.8,31.95,57,-13.19,-22.91,9.09,6,100.0,54.54,50,Information Technology,42.19,56,1.0
DIVISLAB.NS,DIVISLAB.NS,Healthcare,69.89236,11.624023,,179270.92,16.19,0.042,9.2,4.37,3.15,12.5,12.903225806451612,,0.0,25.0,,11.6,92,81.81818181818183,63.63636363636363,43.15789473684211,58.06,19.66925115453602,0.6,57.46,28,7.665,9.14,68.18,8,50.0,59.09,45,Healthcare,41.74,58,1.0
APOLLOHOSP.NS,APOLLOHOSP.NS,Healthcare,61.038433,12.522936,4.706763,118744.56,21.5,85.146,9.89,12.82,21.9,19.791666666666664,10.752688172043012,44.44444444444444,37.5,12.5,42.85714285714286,26.48,72,84.84848484848484,73.73737373737373,75.78947368421053,76.88,20.527449003556512,0.8,76.08,9,7.665,9.14,68.18,8,87.5,77.84,10,Healthcare,59.07,23,1.0
SBILIFE.NS,SBILIFE.NS,Financial Services,76.77129,9.931337,1.6823883,188917.26,13.7,,-7.53,-5.0,8.35,9.375,19.354838709677423,85.55555555555556,4.347826086956519,4.347826086956519,89.47368421052632,29.1,68,38.38383838383838,44.44444444444444,52.63157894736842,46.92,27.653707706388957,4.4,42.52,47,-8.27,6.295,50.0,23,69.57,59.78,42,Financial Services,41.28,59,1.0
HAL.NS,HAL.NS,Defence,32.480194,7.215363,8.949051,296113.51,23.98,0.027,4.11,-5.93,-7.7,47.916666666666664,35.483870967741936,17.777777777777782,66.66666666666667,66.66666666666667,33.333333333333336,45.32,47,69.6969696969697,41.41414141414141,28.421052631578945,41.22,33.10063887803618,10.2,31.02,59,3.42,-7.7,40.91,3,66.67,53.79,52,Defence,40.58,62,1.0
DRREDDY.NS,DRREDDY.NS,Healthcare,26.383865,2.936078,3.2911403,110560.27,11.83,20.328,3.99,6.49,9.45,59.375,66.66666666666667,57.77777777777777,75.0,87.5,85.71428571428572,69.27,18,68.68686868686868,66.66666666666666,55.78947368421052,62.18,30.707784850533482,7.0,55.18,34,7.665,9.14,68.18,8,37.5,52.84,55,Healthcare,59.64,22,1.0
TMCV.NS,TMCV.NS,Automobile,46.79223,11.134241,1.6687964,141812.64,26.05,44.095,-19.06,21.63,,30.208333333333336,13.978494623655912,87.77777777777777,11.111111111111116,0.0,70.0,32.84,64,3.0303030303030303,89.8989898989899,,58.31,48.68451846218364,19.8,38.51,51,-8.91,21.1,59.09,10,50.0,54.54,50,Automobile,39.73,65,1.0
TVSMOTOR.NS,TVSMOTOR.NS,Automobile,54.41644,,2.927107,164185.91,31.62,306.09,-10.39,0.11,26.55,22.916666666666664,,61.111111111111114,0.0,,30.000000000000004,26.22,73,27.27272727272727,52.52525252525253,82.10526315789474,60.79,37.1398957516489,14.4,46.39,44,-8.91,21.1,59.09,10,70.0,64.54,32,Automobile,42.96,53,1.0
JIOFIN.NS,JIOFIN.NS,Financial Services,99.45041,1.1382641,,158917.81,1.21,16.286,-7.84,-22.52,-12.59,1.041666666666663,90.32258064516128,,0.0,69.56521739130434,,33.18,62,36.36363636363637,7.07070707070707,22.105263157894736,19.69,35.195825938087374,12.2,7.49,88,-8.27,6.295,50.0,23,13.04,31.52,90,Financial Services,21.29,95,1.0
CIPLA.NS,CIPLA.NS,Healthcare,29.574379,3.478263,4.132037,114505.73,11.74,1.778,4.75,-7.39,-1.75,51.04166666666667,62.365591397849464,51.11111111111111,62.5,75.0,57.14285714285714,58.64,31,71.71717171717171,36.36363636363637,33.68421052631579,42.23,28.045052131056526,4.8,37.43,53,7.665,9.14,68.18,8,25.0,46.59,67,Healthcare,46.69,45,1.0
ADANIENT.NS,ADANIENT.NS,Diversified,40.387653,4.735786,4.051758,407074.48,13.66,119.56,28.88,17.12,13.97,36.458333333333336,47.31182795698925,52.222222222222214,0.0,0.0,0.0,26.19,74,95.95959595959596,79.7979797979798,60.0,74.12,41.25227636470185,17.6,56.52,30,28.88,13.97,90.91,1,50.0,70.46,22,Diversified,48.69,39,1.0
TATACONSUM.NS,TATACONSUM.NS,FMCG,76.372986,5.7812414,5.791931,117520.78,6.94,12.159,2.35,3.02,6.88,10.416666666666663,38.70967741935484,36.66666666666667,12.5,66.66666666666667,75.0,33.03,63,63.63636363636363,60.60606060606061,50.526315789473685,56.68,27.020335541094166,4.0,52.68,37,-7.02,-2.5050000000000003,31.82,8,75.0,53.41,53,FMCG,45.95,47,1.0
TMPV.NS,TMPV.NS,Automobile,,1.2825118,0.42312974,141994.71,-1.12,65.31,-2.51,0.15,,,88.17204301075269,96.66666666666667,,88.88888888888889,90.0,90.98,2,52.52525252525253,54.54545454545454,,53.81,41.13710935841121,17.0,36.81,55,-8.91,21.1,59.09,10,40.0,49.54,61,Automobile,58.32,25,1.0
MAXHEALTH.NS,MAXHEALTH.NS,Healthcare,67.56968,9.676965,11.552653,96735.57,14.33,32.367,-7.86,-14.05,-13.97,15.625,22.580645161290324,4.444444444444439,25.0,37.5,0.0,17.95,84,34.84848484848485,19.19191919191919,20.0,22.69,25.138351072336256,2.2,20.49,75,7.665,9.14,68.18,8,12.5,40.34,75,Healthcare,23.57,89,1.0
VBL.NS,VBL.NS,FMCG,56.581467,9.177592,7.91893,179701.39,,12.705,14.71,17.01,10.84,21.875,23.655913978494624,22.22222222222222,37.5,33.333333333333336,25.0,26.75,71,87.87878787878788,78.78787878787878,57.89473684210527,71.2,36.49060169301997,13.8,57.4,29,-7.02,-2.5050000000000003,31.82,8,87.5,59.66,43,FMCG,47.12,44,1.0
CUMMINSIND.NS,CUMMINSIND.NS,Industrials,67.11879,19.025164,12.945679,150200.82,,0.308,13.89,26.87,85.02,16.666666666666664,0.0,2.2222222222222254,50.0,0.0,0.0,13.83,90,86.86868686868688,92.92929292929293,98.94736842105263,94.43,32.256675984390974,8.8,85.63,3,15.04,18.42,81.82,5,100.0,90.91,4,Industrials,61.56,17,1.0
TATAPOWER.NS,TATAPOWER.NS,Utilities,35.978634,3.5528903,2.1545868,134507.82,11.34,167.811,8.94,6.28,4.27,44.791666666666664,60.215053763440864,74.44444444444444,40.0,50.0,60.0,53.3,40,80.8080808080808,65.65656565656566,46.31578947368421,59.98,27.16123355040269,4.2,55.78,33,22.625,30.13,100.0,6,33.33,66.66,28,Utilities,57.09,29,1.0
HDFCLIFE.NS,HDFCLIFE.NS,Financial Services,69.76888,7.508766,1.3369696,133503.25,11.28,17.46,-15.02,-18.54,-16.78,13.541666666666663,30.107526881720425,88.88888888888889,8.695652173913048,8.695652173913048,94.73684210526316,34.49,59,12.121212121212121,14.14141414141414,16.842105263157894,14.95,28.54903196292633,5.4,9.55,87,-8.27,6.295,50.0,23,17.39,33.7,88,Financial Services,23.11,91,1.0
CHOLAFIN.NS,CHOLAFIN.NS,Financial Services,25.323963,4.3795724,10.156508,133584.81,19.33,693.261,-7.34,-5.12,-1.02,61.45833333333333,49.46236559139785,15.555555555555555,30.434782608695656,17.391304347826086,15.789473684210531,36.97,58,40.4040404040404,43.43434343434344,34.73684210526316,38.91,41.19829670762642,17.4,21.51,73,-8.27,6.295,50.0,23,34.78,42.39,73,Financial Services,31.1,78,1.0
PFC.NS,PFC.NS,Financial Services,5.5262485,1.0771756,3.000751,143125.41,20.47,586.017,6.25,20.78,12.64,95.83333333333334,91.39784946236558,60.0,91.30434782608697,73.91304347826086,52.63157894736843,81.89,9,74.74747474747475,85.85858585858585,58.94736842105262,71.53,34.81678866866439,11.4,60.13,25,-8.27,6.295,50.0,23,100.0,75.0,13,Financial Services,70.72,8,1.0
BRITANNIA.NS,BRITANNIA.NS,FMCG,50.86716,,6.7135677,128575.5,53.31,26.875,-13.75,-9.32,-0.57,27.083333333333336,,33.333333333333336,62.5,,62.5,42.59,51,15.151515151515152,31.313131313131315,36.84210526315789,30.57,22.557752485203718,1.4,29.17,64,-7.02,-2.5050000000000003,31.82,8,50.0,40.91,74,FMCG,36.22,71,1.0
DMART.NS,DMART.NS,Retail,90.228676,10.915339,3.8886814,267621.94,12.94,9.913,4.65,1.76,0.63,4.1666666666666625,16.129032258064512,54.44444444444445,0.0,0.0,50.0,17.19,85,70.70707070707071,58.58585858585859,37.89473684210527,51.7,30.92147357196543,7.6,44.1,46,3.67,-10.200000000000001,45.45,2,50.0,47.72,63,Retail,35.41,73,1.0
BPCL.NS,BPCL.NS,Energy,5.036376,1.2996378,0.28588516,130142.94,28.47,54.332,-19.07,-13.32,4.96,97.91666666666666,87.09677419354838,97.77777777777777,66.66666666666667,33.333333333333336,66.66666666666667,79.45,10,2.0202020202020203,21.21212121212121,48.421052631578945,29.62,41.401784898737965,18.0,11.62,83,-2.175,6.555,54.55,6,16.67,35.61,83,Energy,40.16,63,1.0
MOTHERSON.NS,MOTHERSON.NS,Automobile,37.10929,3.878134,1.1440719,143035.18,10.11,43.908,1.8,21.55,40.46,40.625,53.76344086021505,91.11111111111111,33.333333333333336,55.55555555555556,80.0,54.98,36,62.62626262626263,88.88888888888889,90.52631578947368,84.37,46.22323440883433,19.0,65.37,22,-8.91,21.1,59.09,10,90.0,74.54,15,Automobile,63.57,13,1.0
CGPOWER.NS,CGPOWER.NS,Industrials,,17.376566,11.15018,138462.38,19.56,1.444,22.14,20.12,25.88,,4.3010752688172005,5.555555555555558,,40.0,19.999999999999996,15.29,88,92.92929292929293,83.83838383838383,80.0,83.93,35.02346603661197,11.6,72.33,17,15.04,18.42,81.82,5,80.0,80.91,8,Industrials,54.08,33,1.0
INDHOTEL.NS,INDHOTEL.NS,Hospitality,44.82606,8.085015,9.380886,93540.85,16.43,18.987,-4.54,-7.78,-11.59,31.25,26.881720430107524,16.666666666666664,0.0,0.0,0.0,15.78,87,51.515151515151516,35.35353535353536,23.157894736842106,33.1,33.08265888429747,10.0,23.1,72,-4.54,-11.59,22.73,1,50.0,36.36,81,Hospitality,23.19,90,1.0
WIPRO.NS,WIPRO.NS,Information Technology,16.220541,2.3796897,2.3068001,213665.07,15.49,22.853,-2.41,-13.77,-13.36,79.16666666666666,73.11827956989248,67.77777777777779,66.66666666666667,83.33333333333334,50.0,71.7,16,53.535353535353536,20.2020202020202,21.052631578947366,27.25,24.370645502767015,1.8,25.45,70,-13.19,-22.91,9.09,6,80.0,44.54,69,Information Technology,45.46,48,1.0
VEDL.NS,VEDL.NS,Metals & Mining,19.203787,3.3508859,1.7565292,134676.61,20.4,48.044,-50.14,-33.95,-18.22,69.79166666666667,63.44086021505376,82.22222222222221,50.0,16.666666666666664,33.333333333333336,56.93,33,1.0101010101010102,1.0101010101010102,13.684210526315791,6.71,136.93277265419098,20.0,0.0,97,1.8099999999999998,31.615000000000002,86.36,6,16.67,51.52,57,Metals & Mining,30.23,80,1.0
HDFCAMC.NS,HDFCAMC.NS,Financial Services,41.218594,12.713453,,117442.41,32.93,,-1.94,2.3,17.93,35.416666666666664,9.677419354838712,,13.043478260869568,0.0,,18.2,82,56.56565656565656,59.59595959595959,68.42105263157895,62.96,41.36685315119249,17.8,45.16,45,-8.27,6.295,50.0,23,73.91,61.96,37,Financial Services,39.08,67,1.0
IOC.NS,IOC.NS,Energy,4.6575074,0.8931014,0.25631598,201058.2,20.97,58.446,-18.45,-11.28,8.15,98.95833333333334,96.7741935483871,98.88888888888889,83.33333333333334,83.33333333333334,83.33333333333334,92.3,1,6.0606060606060606,24.242424242424242,51.578947368421055,32.91,35.97195617981018,13.4,19.51,76,-2.175,6.555,54.55,6,33.33,43.94,71,Energy,49.87,36,1.0
BANKBARODA.NS,BANKBARODA.NS,Financial Services,7.047408,0.843292,2.1977148,139911.21,12.74,,-10.78,-7.18,19.12,91.66666666666666,97.84946236559139,71.11111111111111,73.91304347826086,91.30434782608697,68.42105263157895,84.13,5,24.242424242424242,37.37373737373738,71.57894736842105,50.14,34.440021659856455,10.8,39.34,50,-8.27,6.295,50.0,23,65.22,57.61,47,Financial Services,58.67,24,1.0
ADANIENSOL.NS,ADANIENSOL.NS,Utilities,78.92664,6.9156685,6.371738,175783.7,9.66,194.5,36.31,37.47,53.47,7.2916666666666625,37.634408602150536,34.44444444444444,0.0,33.333333333333336,19.999999999999996,19.91,81,96.96969696969697,97.97979797979798,95.78947368421052,96.79,46.17656466467871,18.8,77.99,6,22.625,30.13,100.0,6,83.33,91.66,3,Utilities,60.4,20,1.0
TORNTPHARM.NS,TORNTPHARM.NS,Healthcare,69.542336,17.846449,10.778204,150679.3,16.98,85.442,8.59,23.38,42.3,14.583333333333337,3.2258064516129004,9.999999999999998,12.5,0.0,14.28571428571429,9.7,95,78.78787878787878,91.91919191919192,91.57894736842105,89.14,21.80936479589973,1.2,87.94,2,7.665,9.14,68.18,8,100.0,84.09,6,Healthcare,59.79,21,1.0
JINDALSTEL.NS,JINDALSTEL.NS,Metals & Mining,36.94562,2.5047367,2.3377888,124428.63,6.77,43.613,-0.78,13.19,26.85,41.666666666666664,72.04301075268818,66.66666666666667,0.0,66.66666666666667,16.666666666666664,43.88,50,59.59595959595959,75.75757575757575,83.15789473684211,75.86,35.59401253089243,12.4,63.46,24,1.8099999999999998,31.615000000000002,86.36,6,33.33,59.84,41,Metals & Mining,55.88,31,1.0
BAJAJHLDNG.NS,BAJAJHLDNG.NS,Financial Services,12.357721,1.6284814,,119139.7,12.62,0.012,-6.76,-9.3,-17.13,87.5,84.94623655913979,,65.21739130434783,60.86956521739131,,77.28,12,42.42424242424242,32.323232323232325,15.789473684210526,26.9,31.860689367183348,8.4,18.5,78,-8.27,6.295,50.0,23,26.09,38.04,79,Financial Services,42.98,52,1.0
PIDILITIND.NS,PIDILITIND.NS,Chemicals,61.3995,15.754198,10.306133,150478.09,23.52,3.776,-0.83,0.03,-0.94,18.75,5.376344086021501,13.33333333333333,50.0,0.0,0.0,17.03,86,58.58585858585859,50.505050505050505,35.78947368421053,45.5,30.798491835669072,7.2,38.3,52,18.26,16.62,77.27,2,50.0,63.64,35,Chemicals,35.92,72,1.0
ADANIGREEN.NS,ADANIGREEN.NS,Utilities,,12.87308,,240059.47,7.58,339.503,41.1,31.89,43.41,,7.5268817204301115,,,0.0,,,99,98.98989898989899,93.93939393939394,92.63157894736842,94.36,46.37735211666723,19.2,75.16,12,22.625,30.13,100.0,6,66.67,83.34,7,Utilities,77.68,2,0.67
SOLARINDS.NS,SOLARINDS.NS,Chemicals,99.55821,,,167216.57,31.33,23.271,37.35,33.46,34.18,0.0,,,0.0,,,,99,97.97979797979798,95.95959595959596,87.36842105263159,92.5,35.969987006104496,13.2,79.3,5,18.26,16.62,77.27,2,50.0,63.64,35,Chemicals,74.48,4,0.67
GAIL.NS,GAIL.NS,Energy,14.525997,1.2503917,0.7783887,110218.06,8.69,27.809,0.81,-5.5,-8.46,83.33333333333334,89.24731182795699,94.44444444444444,16.666666666666664,50.0,33.333333333333336,65.06,22,61.61616161616161,42.42424242424242,26.31578947368421,39.01,33.412064938512245,10.4,28.61,66,-2.175,6.555,54.55,6,50.0,52.28,56,Energy,46.1,46,1.0
RECLTD.NS,RECLTD.NS,Financial Services,5.4627833,1.0646484,3.8459454,88897.64,19.96,607.463,-5.16,-2.71,-8.36,96.875,92.47311827956989,56.666666666666664,95.65217391304348,78.26086956521739,47.36842105263158,82.65,7,46.96969696969697,47.474747474747474,27.368421052631582,38.33,35.14025894057196,11.8,26.53,68,-8.27,6.295,50.0,23,39.13,44.56,68,Financial Services,49.78,37,1.0
CANBK.NS,CANBK.NS,Financial Services,5.5571785,1.0266789,2.163535,120775.72,17.57,,-12.0,-11.09,29.38,94.79166666666666,93.5483870967742,72.22222222222221,86.95652173913044,82.6086956521739,73.6842105263158,86.2,4,22.22222222222222,25.252525252525253,85.26315789473684,51.65,38.0361346397238,14.8,36.85,54,-8.27,6.295,50.0,23,60.87,55.44,49,Financial Services,57.84,27,1.0
GODREJCP.NS,GODREJCP.NS,FMCG,56.817184,8.334882,6.95606,105578.38,15.1,34.899,-15.78,-9.65,-17.61,20.833333333333336,25.806451612903224,32.22222222222222,25.0,50.0,50.0,30.6,67,9.090909090909092,30.303030303030305,14.736842105263156,19.06,32.11148356779545,8.6,10.46,85,-7.02,-2.5050000000000003,31.82,8,25.0,28.41,92,FMCG,21.1,97,1.0
DLF.NS,DLF.NS,Real Estate,33.07908,3.2135735,,145993.88,10.03,0.673,-7.81,-20.35,-20.82,46.875,64.51612903225806,,0.0,50.0,,40.36,53,37.37373737373738,12.121212121212121,10.526315789473683,16.45,35.909801879838746,12.8,3.65,91,-12.99,-27.45,4.55,2,50.0,27.28,93,Real Estate,21.22,96,1.0
UNITDSPR.NS,UNITDSPR.NS,FMCG,53.86922,10.930634,7.5464883,94082.07,20.03,4.611,-9.82,-10.1,-15.75,25.0,15.053763440860212,25.555555555555554,50.0,0.0,37.5,26.04,76,29.292929292929294,27.27272727272727,18.947368421052634,23.93,32.26290922385607,9.0,14.93,81,-7.02,-2.5050000000000003,31.82,8,37.5,34.66,84,FMCG,22.76,93,1.0
LTM.NS,LTM.NS,Information Technology,23.460173,4.898729,2.7821705,117706.96,21.29,9.582,,,,63.54166666666667,45.16129032258065,62.22222222222222,16.666666666666664,33.333333333333336,25.0,44.12,49,,,,,38.2908500701067,15.2,,100,-13.19,-22.91,9.09,6,,,100,Information Technology,44.12,49,0.33
PNB.NS,PNB.NS,Financial Services,6.619375,0.81756,2.0662107,121721.76,12.98,,-17.09,-15.03,8.81,92.70833333333334,98.9247311827957,75.55555555555556,78.26086956521739,95.65217391304348,78.94736842105263,87.63,3,8.080808080808081,18.181818181818183,53.68421052631579,32.14,34.78545648515477,11.2,20.94,74,-8.27,6.295,50.0,23,30.43,40.22,76,Financial Services,48.14,41,1.0
MUTHOOTFIN.NS,MUTHOOTFIN.NS,Financial Services,12.6355915,3.7547545,6.972114,133749.22,30.41,379.707,-2.14,-8.62,66.58,86.45833333333334,56.98924731182795,31.11111111111111,60.86956521739131,21.739130434782606,21.052631578947366,53.94,38,54.54545454545454,33.33333333333333,96.84210526315789,66.15,39.473250826123945,16.4,49.75,40,-8.27,6.295,50.0,23,91.3,70.65,21,Financial Services,55.4,32,1.0
ABB.NS,ABB.NS,Industrials,92.40799,18.40003,10.77861,144182.45,,1.082,15.32,33.44,18.42,3.125,2.1505376344086002,8.888888888888891,0.0,19.999999999999996,40.0,8.96,96,89.8989898989899,94.94949494949495,70.52631578947368,82.95,36.95337342463664,14.2,68.75,20,15.04,18.42,81.82,5,60.0,70.91,20,Industrials,48.26,40,1.0
SHREECEM.NS,SHREECEM.NS,Materials,51.994713,9.859875,10.237381,90851.32,,38.149,-4.81,-4.36,-19.19,26.041666666666664,21.505376344086024,14.444444444444448,0.0,0.0,0.0,13.07,91,48.484848484848484,45.45454545454545,11.578947368421053,30.82,28.273157036120406,5.2,25.62,69,-7.484999999999999,-9.155000000000001,27.27,4,50.0,38.64,78,Materials,23.83,88,1.0
SIEMENS.NS,SIEMENS.NS,Industrials,77.72564,9.889918,7.5415297,130952.63,11.81,,15.04,12.86,18.14,8.333333333333337,20.430107526881724,26.66666666666667,25.0,60.0,60.0,27.63,70,88.88888888888889,74.74747474747475,69.47368421052632,75.2,41.1678249117886,17.2,58.0,27,15.04,18.42,81.82,5,40.0,60.91,39,Industrials,47.95,42,1.0
ENRIN.NS,ENRIN.NS,Infrastructure,94.45172,,14.116321,123310.3,,4.483,27.26,8.17,,2.083333333333337,,0.0,0.0,,0.0,0.8,98,94.94949494949495,68.68686868686868,,78.24,37.81018238298083,14.6,63.64,23,21.76,30.84,95.45,2,50.0,72.72,17,Infrastructure,43.46,51,1.0
BOSCHLTD.NS,BOSCHLTD.NS,Automobile,38.104908,7.119946,5.27537,105690.46,19.35,0.8,2.66,-1.98,16.61,39.583333333333336,36.55913978494624,41.11111111111111,22.22222222222222,44.44444444444444,9.999999999999998,33.77,61,64.64646464646465,48.484848484848484,63.1578947368421,58.32,39.8826183603679,16.8,41.52,48,-8.91,21.1,59.09,10,60.0,59.54,44,Automobile,42.41,55,1.0
UNIONBANK.NS,UNIONBANK.NS,Financial Services,6.5838895,0.97612125,2.3473692,127908.7,15.71,,-12.55,9.32,26.11,93.75,95.6989247311828,65.55555555555556,82.6086956521739,86.95652173913044,63.1578947368421,83.99,6,19.19191919191919,70.70707070707071,81.05263157894737,65.06,42.99017546731839,18.2,46.86,43,-8.27,6.295,50.0,23,78.26,64.13,33,Financial Services,63.31,14,1.0
HINDZINC.NS,HINDZINC.NS,Metals & Mining,19.695772,12.089862,6.9796686,273547.16,76.94,39.034,10.4,35.58,51.38,68.75,11.827956989247312,30.000000000000004,33.333333333333336,0.0,0.0,31.19,65,85.85858585858585,96.96969696969697,94.73684210526315,93.74,39.25091857615842,16.2,77.54,8,1.8099999999999998,31.615000000000002,86.36,6,83.33,84.84,5,Metals & Mining,62.78,15,1.0
HYUNDAI.NS,HYUNDAI.NS,Automobile,28.216267,7.649954,2.163306,153082.75,29.92,5.484,-15.56,-22.31,0.84,55.20833333333333,27.956989247311824,73.33333333333334,66.66666666666667,22.22222222222222,50.0,50.61,42,10.1010101010101,8.080808080808081,40.0,22.85,34.25368356298053,10.6,12.25,82,-8.91,21.1,59.09,10,10.0,34.54,85,Automobile,30.13,81,1.0
AMBUJACEM.NS,AMBUJACEM.NS,Materials,23.6063,1.8730086,2.7485025,111742.24,8.31,1.205,-15.5,-20.41,-21.08,62.5,81.72043010752688,63.33333333333333,75.0,75.0,50.0,68.58,19,11.11111111111111,11.11111111111111,8.421052631578947,9.9,36.90440585829556,14.0,0.0,97,-7.484999999999999,-9.155000000000001,27.27,4,25.0,26.14,96,Materials,29.23,83,1.0
ZYDUSLIFE.NS,ZYDUSLIFE.NS,Healthcare,21.533627,4.2905936,3.999414,108577.69,18.32,42.242,17.9,15.35,22.86,65.625,51.61290322580645,53.333333333333336,87.5,62.5,71.42857142857143,65.4,21,91.91919191919192,76.76767676767676,76.84210526315789,79.83,27.727133487423412,4.6,75.23,10,7.665,9.14,68.18,8,75.0,71.59,19,Healthcare,71.06,7,1.0
LODHA.NS,LODHA.NS,Real Estate,26.362312,3.876611,5.413221,90271.96,15.71,42.238,-18.17,-24.55,-34.08,60.41666666666667,54.83870967741935,38.888888888888886,50.0,0.0,0.0,41.02,52,7.07070707070707,3.0303030303030303,1.0526315789473684,2.95,45.98076458027586,18.4,0.0,97,-12.99,-27.45,4.55,2,50.0,27.28,93,Real Estate,19.81,99,1.0
IRFC.NS,IRFC.NS,Financial Services,18.522387,2.2842417,,129744.12,12.81,773.347,-10.41,-16.0,-25.11,71.875,75.26881720430107,,39.13043478260869,43.47826086956522,,60.29,28,26.262626262626267,16.161616161616163,6.315789473684211,13.75,35.91741487636727,13.0,0.75,94,-8.27,6.295,50.0,23,4.35,27.18,95,Financial Services,26.87,85,1.0
MAZDOCK.NS,MAZDOCK.NS,Defence,38.45108,10.172892,7.629798,99235.52,28.77,4.481,3.42,-10.98,-25.36,38.541666666666664,18.279569892473113,23.33333333333333,33.333333333333336,33.333333333333336,66.66666666666667,33.86,60,67.67676767676768,26.262626262626267,5.263157894736842,25.1,47.47211346640701,19.4,5.7,90,3.42,-7.7,40.91,3,33.33,37.12,80,Defence,21.84,94,1.0
TATACAP.NS,TATACAP.NS,Financial Services,26.955782,3.5116873,10.666474,133669.17,12.01,502.058,-12.93,-3.34,,57.29166666666667,61.29032258064516,12.222222222222223,26.086956521739136,30.434782608695656,10.526315789473683,37.73,57,18.181818181818183,46.464646464646464,,36.18,29.90288545576554,5.8,30.38,62,-8.27,6.295,50.0,23,56.52,53.26,54,Financial Services,37.53,70,1.0
