,symbol,name,sector,total_return,cagr,sharpe,sortino,max_drawdown,win_rate,profit_factor,n_trades,avg_hold_days,avg_win,avg_loss,bh_total_return,bh_cagr,alpha
1,RECLTD,RECLTD,Financial Services,493.56,42.15,1.398,1.191,-25.19,100.0,inf,1,828.0,488.58,0.0,384.44,36.56,5.59
2,MAZDOCK,MAZDOCK,Defence,1164.52,65.05,1.33,1.995,-31.71,50.0,71.312,2,632.0,1311.11,-18.39,2389.74,88.68,-23.63
3,IRFC,IRFC,Financial Services,538.9,44.23,1.224,1.366,-37.93,50.0,137.548,2,374.5,577.45,-4.2,393.31,37.05,7.18
4,TRENT,TRENT,Retail,259.97,28.81,1.2,1.324,-39.4,100.0,inf,2,425.5,119.5,0.0,472.96,41.2,-12.39
5,ADANIPOWER,ADANIPOWER,Utilities,376.67,36.13,1.188,1.312,-33.1,100.0,inf,1,461.0,124.23,0.0,1138.93,64.39,-28.26
6,BAJAJ-AUTO,BAJAJ-AUTO,Automobile,174.06,22.03,1.175,1.265,-36.55,100.0,inf,2,414.5,70.13,0.0,229.73,26.57,-4.54
7,PFC,PFC,Financial Services,326.93,33.2,1.148,1.024,-24.59,50.0,37.471,2,391.5,357.11,-9.53,548.98,44.68,-11.48
8,PNB,PNB,Financial Services,244.13,27.64,1.082,1.111,-25.04,100.0,inf,2,518.0,111.7,0.0,202.71,24.45,3.19
9,BEL,BEL,Defence,215.31,25.46,1.075,1.078,-22.82,100.0,inf,1,622.0,139.82,0.0,893.04,57.36,-31.9
10,ETERNAL,ETERNAL,Consumer Services,217.21,28.01,1.054,1.278,-31.94,100.0,inf,2,416.5,107.04,0.0,96.9,15.6,12.41
11,TORNTPHARM,TORNTPHARM,Healthcare,132.62,18.16,1.048,1.394,-16.98,50.0,4619.417,2,441.5,88.69,-0.02,267.54,29.34,-11.18
12,UNIONBANK,UNIONBANK,Financial Services,284.18,30.45,1.015,1.138,-34.68,100.0,inf,1,699.0,206.83,0.0,452.72,40.16,-9.71
13,BHARTIARTL,BHARTIARTL,Telecommunication,113.27,16.13,1.002,1.236,-17.41,50.0,53.622,2,611.0,123.28,-2.3,257.28,28.59,-12.46
14,ZYDUSLIFE,ZYDUSLIFE,Healthcare,116.72,16.52,1.0,1.113,-31.42,50.0,22.402,2,466.0,127.11,-5.67,157.16,20.52,-4.0
15,CANBK,CANBK,Financial Services,171.48,21.82,0.932,0.988,-22.32,100.0,inf,2,551.0,80.98,0.0,398.67,37.38,-15.56
16,M&M,M&M,Automobile,157.69,20.56,0.927,1.182,-22.91,100.0,inf,3,418.3,46.27,0.0,302.02,31.62,-11.06
17,COALINDIA,COALINDIA,Energy,112.02,16.0,0.882,0.755,-25.42,50.0,685.84,2,297.5,89.43,-0.13,451.83,40.12,-24.12
18,ADANIENSOL,ADANIENSOL,Utilities,56.58,17.99,0.867,0.781,-23.18,100.0,inf,1,109.0,0.26,0.0,82.92,24.96,-6.97
19,MAXHEALTH,MAXHEALTH,Healthcare,164.87,21.23,0.841,1.131,-20.22,100.0,inf,1,1163.0,176.66,0.0,312.3,32.31,-11.08
20,EICHERMOT,EICHERMOT,Automobile,123.76,17.26,0.838,1.106,-29.65,100.0,inf,1,249.0,8.64,0.0,195.87,23.91,-6.65
21,IOC,IOC,Energy,109.66,15.74,0.81,0.784,-27.59,100.0,inf,2,485.5,49.55,0.0,210.87,25.11,-9.37
22,POWERGRID,POWERGRID,Utilities,85.08,12.93,0.809,0.668,-18.78,100.0,inf,1,661.0,93.54,0.0,207.34,24.82,-11.89
23,MOTHERSON,MOTHERSON,Automobile,117.84,16.62,0.781,0.791,-32.22,50.0,3.833,2,293.5,84.46,-22.04,157.33,20.52,-3.9
24,HINDALCO,HINDALCO,Metals & Mining,98.9,14.54,0.762,0.69,-24.48,50.0,3.464,2,304.5,35.28,-10.18,237.26,27.14,-12.6
25,SHRIRAMFIN,SHRIRAMFIN,Financial Services,133.76,18.27,0.747,1.004,-39.88,33.3,7.083,3,333.0,105.09,-7.42,252.97,28.31,-10.04
26,JINDALSTEL,JINDALSTEL,Metals & Mining,131.34,18.01,0.746,0.794,-46.17,50.0,5.686,2,451.5,122.0,-21.46,220.46,25.86,-7.85
27,ONGC,ONGC,Energy,86.56,13.11,0.725,0.653,-30.2,100.0,inf,2,366.5,42.53,0.0,249.06,28.0,-14.89
28,SUNPHARMA,SUNPHARMA,Healthcare,52.95,8.76,0.72,0.705,-27.18,100.0,inf,1,601.0,55.85,0.0,210.03,25.06,-16.3
29,SOLARINDS,SOLARINDS,Chemicals,106.29,15.39,0.717,0.764,-32.02,50.0,19.502,2,362.0,90.36,-4.63,1373.38,70.18,-54.79
30,LT,LT,Industrials,82.25,12.58,0.706,0.766,-24.35,66.7,6.691,3,401.3,53.65,-16.04,204.02,24.56,-11.98
31,BAJAJHLDNG,BAJAJHLDNG,Financial Services,97.65,14.4,0.682,0.868,-20.62,100.0,inf,1,1155.0,99.65,0.0,239.01,27.27,-12.87
32,INDIGO,INDIGO,Aviation,80.72,12.42,0.675,0.728,-22.94,75.0,16.172,4,267.0,30.29,-5.62,187.29,23.21,-10.79
33,BOSCHLTD,BOSCHLTD,Automobile,61.7,9.97,0.638,0.751,-27.81,50.0,29.838,2,562.0,67.97,-2.28,180.94,22.67,-12.7
34,SIEMENS,SIEMENS,Industrials,65.1,10.43,0.631,0.467,-30.82,50.0,10.85,2,251.5,48.81,-4.5,253.23,28.35,-17.92
35,APOLLOHOSP,APOLLOHOSP,Healthcare,57.69,9.41,0.619,0.782,-18.5,100.0,inf,3,354.7,12.49,0.0,181.37,22.67,-13.26
36,SBIN,SBIN,Financial Services,62.63,10.09,0.59,0.602,-22.83,50.0,12.806,2,402.0,33.86,-2.64,197.74,24.07,-13.98
37,GAIL,GAIL,Energy,69.39,10.97,0.583,0.516,-26.58,25.0,4.377,4,209.5,114.8,-8.74,125.11,17.38,-6.41
38,BPCL,BPCL,Energy,67.28,10.7,0.58,0.587,-30.13,100.0,inf,3,323.7,25.17,0.0,94.9,14.09,-3.39
39,ICICIBANK,ICICIBANK,Financial Services,39.36,6.78,0.536,0.609,-14.24,66.7,34.238,3,380.7,21.9,-1.28,124.38,17.32,-10.54
40,TATAPOWER,TATAPOWER,Utilities,48.26,8.09,0.503,0.431,-28.93,33.3,6.867,3,239.3,74.76,-5.44,322.52,32.92,-24.83
41,HINDZINC,HINDZINC,Metals & Mining,59.52,9.66,0.477,0.467,-40.86,50.0,4.252,4,128.5,16.82,-3.95,222.44,26.01,-16.35
42,DRREDDY,DRREDDY,Healthcare,34.61,6.05,0.47,0.515,-21.92,50.0,5.165,2,489.5,41.55,-8.04,46.12,7.78,-1.73
43,DLF,DLF,Real Estate,44.31,7.51,0.463,0.444,-27.28,33.3,3.564,3,292.3,86.5,-12.14,117.1,16.54,-9.03
44,MARUTI,MARUTI,Automobile,36.92,6.41,0.457,0.572,-28.66,100.0,inf,4,289.8,8.26,0.0,99.56,14.63,-8.22
45,HDFCAMC,HDFCAMC,Financial Services,39.99,6.87,0.437,0.434,-23.6,66.7,4.009,3,304.7,36.75,-18.33,97.26,14.36,-7.49
46,TVSMOTOR,TVSMOTOR,Automobile,24.28,4.39,0.433,0.302,-16.67,100.0,inf,1,369.0,25.81,0.0,485.55,41.77,-37.38
47,TATASTEEL,TATASTEEL,Metals & Mining,41.57,7.11,0.433,0.398,-33.25,33.3,1.874,3,209.0,46.05,-12.29,181.88,22.71,-15.6
48,VEDL,VEDL,Metals & Mining,31.08,5.49,0.43,0.231,-65.52,25.0,2.653,4,196.0,61.33,-7.7,203.43,24.51,-19.02
49,DIVISLAB,DIVISLAB,Healthcare,32.55,5.73,0.411,0.468,-22.84,33.3,5.761,3,294.0,58.18,-5.05,87.09,13.18,-7.45
50,ULTRACEMCO,ULTRACEMCO,Materials,32.7,5.75,0.411,0.514,-35.64,33.3,3.827,3,382.7,65.67,-8.58,69.87,11.04,-5.29
51,JSWSTEEL,JSWSTEEL,Metals & Mining,39.67,6.82,0.406,0.482,-30.6,66.7,1.869,3,305.3,20.58,-22.02,165.25,21.25,-14.43
52,AXISBANK,AXISBANK,Financial Services,32.9,5.78,0.393,0.457,-24.3,33.3,2.851,3,330.3,46.55,-8.16,86.97,13.17,-7.39
53,ADANIGREEN,ADANIGREEN,Utilities,36.29,6.3,0.366,0.288,-43.59,50.0,3.021,2,245.0,75.11,-24.87,24.28,4.39,1.91
54,BRITANNIA,BRITANNIA,FMCG,20.71,3.79,0.318,0.367,-27.34,66.7,6.672,3,377.7,10.95,-3.28,51.01,8.49,-4.7
55,NESTLEIND,NESTLEIND,FMCG,18.49,3.41,0.304,0.364,-25.09,50.0,2.371,2,375.5,4.9,-2.06,74.41,11.61,-8.2
56,TCS,TCS,Information Technology,15.05,2.81,0.289,0.304,-13.47,100.0,inf,2,348.0,8.05,0.0,-18.22,-3.89,6.7
57,GRASIM,GRASIM,Materials,14.19,2.66,0.243,0.284,-25.46,33.3,3.998,3,361.7,35.73,-4.47,120.83,16.95,-14.29
58,HDFCBANK,HDFCBANK,Financial Services,9.82,1.87,0.212,0.215,-12.93,100.0,inf,3,314.0,3.06,0.0,8.18,1.57,0.3
59,AMBUJACEM,AMBUJACEM,Materials,10.93,2.07,0.21,0.149,-48.22,66.7,3.59,3,270.3,14.05,-7.83,46.95,7.9,-5.83
60,TECHM,TECHM,Information Technology,11.41,2.16,0.21,0.206,-38.49,33.3,1.673,3,278.0,36.84,-11.01,84.28,12.84,-10.68
61,CIPLA,CIPLA,Healthcare,10.06,1.91,0.196,0.228,-25.81,33.3,1.285,3,342.3,27.68,-10.77,76.08,11.82,-9.91
62,BANKBARODA,BANKBARODA,Financial Services,6.28,1.21,0.163,0.096,-23.69,100.0,inf,1,348.0,5.66,0.0,310.16,32.15,-30.94
63,HCLTECH,HCLTECH,Information Technology,6.51,1.25,0.158,0.145,-37.12,33.3,1.689,3,292.3,38.7,-11.45,44.16,7.49,-6.24
64,TITAN,TITAN,Consumer Discretionary,5.77,1.11,0.149,0.158,-28.56,33.3,0.946,3,209.3,29.04,-15.35,166.27,21.36,-20.25
65,CGPOWER,CGPOWER,Industrials,4.83,0.94,0.147,0.092,-25.04,0.0,0.0,1,179.0,0.0,-15.02,1262.46,67.5,-66.56
66,GODREJCP,GODREJCP,FMCG,3.32,0.65,0.123,0.146,-35.93,50.0,1.284,4,243.0,12.92,-10.06,46.24,7.8,-7.15
67,ADANIENT,ADANIENT,Diversified,0.88,0.17,0.107,0.075,-32.32,33.3,1.666,3,165.7,19.98,-6.0,156.22,20.42,-20.25
68,RELIANCE,RELIANCE,Energy,2.64,0.52,0.105,0.099,-20.05,66.7,1.607,3,272.7,8.8,-10.95,46.1,7.77,-7.25
69,ADANIPORTS,ADANIPORTS,Infrastructure,-10.11,-2.09,0.081,0.071,-58.73,16.7,0.926,6,122.7,49.93,-10.78,147.53,19.62,-21.71
70,VBL,VBL,FMCG,0.83,0.16,0.075,0.016,-3.25,100.0,inf,1,21.0,2.46,0.0,515.05,43.15,-42.99
71,WIPRO,WIPRO,Information Technology,-1.39,-0.28,0.07,0.06,-40.95,50.0,1.525,2,348.5,27.01,-17.71,5.02,0.97,-1.25
72,SBILIFE,SBILIFE,Financial Services,-2.6,-0.52,0.052,0.058,-26.68,66.7,0.979,3,362.3,5.31,-10.85,109.66,15.76,-16.28
73,LODHA,LODHA,Real Estate,-8.52,-1.76,0.051,0.045,-52.31,25.0,1.168,4,169.0,64.86,-18.52,286.34,30.87,-32.63
74,NTPC,NTPC,Utilities,0.34,0.07,0.04,0.019,-7.91,0.0,0.0,1,37.0,0.0,-2.7,327.43,33.23,-33.16
75,TATACONSUM,TATACONSUM,FMCG,-5.56,-1.12,0.006,0.007,-30.07,33.3,1.006,3,337.0,15.78,-7.84,85.82,13.02,-14.14
76,SHREECEM,SHREECEM,Materials,-8.08,-1.65,-0.036,-0.034,-28.13,25.0,0.445,4,203.5,6.16,-4.62,-15.74,-3.33,1.68
77,CHOLAFIN,CHOLAFIN,Financial Services,-11.74,-2.44,-0.052,-0.051,-32.66,0.0,0.0,2,291.5,0.0,-4.78,177.11,22.32,-24.76
78,DMART,DMART,Retail,-19.2,-4.12,-0.184,-0.185,-38.0,33.3,0.192,3,260.0,3.08,-8.01,43.02,7.32,-11.44
79,ITC,ITC,FMCG,-7.45,-1.52,-0.246,-0.118,-14.01,0.0,0.0,1,186.0,0.0,-6.72,67.37,10.71,-12.23
80,BAJFINANCE,BAJFINANCE,Financial Services,-26.62,-5.93,-0.273,-0.274,-42.19,25.0,0.295,4,210.2,10.87,-12.27,82.89,12.66,-18.59
81,HAL,HAL,Defence,-11.8,-2.45,-0.318,-0.169,-17.01,0.0,0.0,1,218.0,0.0,-13.25,822.89,55.1,-57.55
82,BAJAJFINSV,BAJAJFINSV,Financial Services,-29.71,-6.73,-0.341,-0.355,-40.48,25.0,0.324,4,240.0,13.01,-13.39,85.92,13.03,-19.76
83,PIDILITIND,PIDILITIND,Chemicals,-23.83,-5.24,-0.357,-0.353,-36.2,25.0,0.201,4,208.8,6.1,-10.13,65.9,10.52,-15.76
84,HDFCLIFE,HDFCLIFE,Financial Services,-29.34,-6.63,-0.401,-0.363,-33.14,25.0,0.029,4,184.5,0.94,-10.85,-12.7,-2.65,-3.98
85,KOTAKBANK,KOTAKBANK,Financial Services,-26.01,-5.78,-0.414,-0.378,-27.48,20.0,0.156,5,157.8,5.23,-8.36,7.71,1.48,-7.26
86,HINDUNILVR,HINDUNILVR,FMCG,-23.01,-5.03,-0.42,-0.348,-29.0,0.0,0.0,4,161.8,0.0,-6.96,-4.5,-0.9,-4.13
87,INFY,INFY,Information Technology,-35.22,-8.22,-0.54,-0.456,-42.8,0.0,0.0,4,163.2,0.0,-9.69,-3.12,-0.62,-7.6
88,JIOFIN,JIOFIN,Financial Services,-19.1,-7.56,-0.836,-0.622,-21.15,0.0,0.0,1,199.0,0.0,-19.83,-5.46,-2.06,-5.5
89,ASIANPAINT,ASIANPAINT,Consumer Goods,-49.24,-12.53,-1.027,-0.751,-50.94,0.0,0.0,5,128.2,0.0,-12.2,9.54,1.82,-14.35
90,UNITDSPR,UNITDSPR,FMCG,-20.34,-10.97,-1.414,-0.591,-24.03,0.0,0.0,2,42.0,0.0,-9.51,8.46,4.24,-15.21
